{
"order": {
 "shipments": [
               {
                  "replacementShipment": false,
                  "allPickupShipmentsReady": false,
                  "giftMessage": {},
                  "total": "$35.98",
                  "virtualReturnShipment": false,
                  "dropshipVendorNumber": "0",
                  "creditedAmount": "$0.00",
                  "returnPickupFlag": "false",
                  "poNumber": "0",
                  "shippingFee": "$9.95",
                  "surchargeFee": "$0.00",
                  "giftWrapFee": "$0.00",
                  "totalTaxes": "$2.04",
                  "merchandiseTotal": "$23.99",
                  "registry": {
                     "barCode": "0"
                  },
                  "shipmentStatusDescription": "Shipment",
                  "items": [
                     {
                        "beautyBoxProduct": false,
                        "inTransit": false,
                        "financialDivisionNumber": 0,
                        "storeNumber": 0,
                        "transactionNumber": 0,
                        "lineNumber": 1,
                        "shipmentNumber": 1,
                        "upc": 5450102345502,
                        "soldPrice": "$0.00",
                        "itemQuantity": 0,
                        "lastActIndicator": false,
                        "outletSaleIndicator": false,
                        "itemTotal": "$0.00",
                        "total": "$23.99",
                        "tax": "$0.00",
                        "departmentNumber": 646,
                        "merchandiseDepartmentClassNumber": 0,
                        "itemDescription": "Villeroy & Boch French Garden Fleurence Tea Saucer",
                        "colorNumber": 0,
                        "colorDescription": "Fleurence",
                        "sizeNumber": "716",
                        "sizeDescription": "TEA",
                        "markStyleNumber": 22881,
                        "vendorNumber": 773,
                        "vendorName": "Villeroy Boch",
                        "uycTotalDiscountedPrice": "0.0",
                        "uycDiscountedPercentage": "0.0",
                        "currentTax": "$2.04",
                        "eligibleForPreOrder": "false",
                        "originalQuantity": "0",
                        "returnQuantity": 1,
                        "uycPercentDiscount": "0.0",
                        "shopRunnerEligible": "false",
                        "currentPrice": "$23.99",
                        "returnPendingQuantity": 0,
                        "surchargeFee": "$0.00",
                        "personalizationFee": "$0.00",
                        "originalPrice": "$23.99",
                        "currentQuantity": 1,
                        "logicalShipmentNumber": "1",
                        "icwEligible": "false",
                        "upcId": 2435,
                        "reBuyEligibleFlag": true,
                        "product": {
                           "id": "1513",
                           "imagery": {
                              "urlTemplate": "https://images.mcom-123.tbe.zeus.fds.com/is/image/MCY/products/",
                              "primaryImage": {
                                 "filePath": "9/optimized/385829_fpx.tif"
                              }
                           },
                           "detail": {
                              "name": "Villeroy & Boch French Garden Fleurence Tea Saucer",
                              "brand": "Villeroy & Boch",
                              "gmm": "HOME"
                           },
                           "price": [
                              {
                                 "values": [
                                    {
                                       "value": 23.99,
                                       "formattedValue": "$23.99"
                                    }
                                 ]
                              }
                           ],
                           "traits": {
                              "colors": [
                                 "Fleurence"
                              ],
                              "size": [
                                 "TEA"
                              ]
                           }
                        },
                        "status": "Shipped",
                        "giftWrapType": "No",
                        "statusCode": "7",
                        "expectedShipDate": "Nov 11, 2019",
                        "isCanceled": false,
                        "virtualReturnStatus": " ",
                        "mosFlag": " ",
                        "isVirtualReturnPending": false,
                        "fulfillmentInfo": {
                           "dropshipDeliveryMethod": "",
                           "fillDivisionNumber": 71,
                           "fillLocationName": "STATEN ISLAND                                     ",
                           "fillStoreNumber": 7,
                           "orderMethod": "STR1"
                        },
                        "xRefLineNumber": 1,
                        "statusDate": "Nov 7, 2019",
                        "itemSelected": false,
                        "enableQV": false,
                        "enableReview": true,
                        "selectedQuantity": 0,
                        "returnEligibleFlag": true,
                        "blockedVendorFlag": false,
                        "returnWindowDate": "Mar 10, 2020",
                        "returnEligibilityDaysOverdue": 0,
                        "returnPolicyDays": 180
                     }
                  ],
                  "trackings": [
                     {
                        "actualDeliveryTimestamp": "Sep 12, 2019",
                        "carrierName": "UPS",
                        "expectedDeliveryDate": "May 2, 2018",
                        "trackingNumber": "1Z7270820312618101",
                        "trackingEventList": [
                           {
                              "trackingEventDate": "Thursday, Sep 12, 2019",
                              "trackingEventDetails": "Inside Delivery",
                              "trackingEventLoc": {
                                 "trackingEventCity": "SILVER SPRING",
                                 "trackingEventCountry": "US",
                                 "trackingEventState": "MD",
                                 "trackingEventZipCode": "20902"
                              },
                              "trackingEventStatus": "Delivered",
                              "trackingEventTime": "03:16 PM",
                              "trackingEventTimestamp": "2019-09-12T15:16:11.000"
                           },
                           {
                              "trackingEventDate": "Thursday, Sep 12, 2019",
                              "trackingEventDetails": "Inside Delivery",
                              "trackingEventLoc": {
                                 "trackingEventCity": "Laurel",
                                 "trackingEventCountry": "US",
                                 "trackingEventState": "MD"
                              },
                              "trackingEventStatus": "Out For Delivery Today",
                              "trackingEventTime": "09:03 AM",
                              "trackingEventTimestamp": "2019-09-12T09:03:46.000"
                           },
                           {
                              "trackingEventDate": "Thursday, Sep 12, 2019",
                              "trackingEventDetails": "Inside Delivery",
                              "trackingEventLoc": {
                                 "trackingEventCity": "Laurel",
                                 "trackingEventCountry": "US",
                                 "trackingEventState": "MD"
                              },
                              "trackingEventStatus": "Loaded on Delivery Vehicle",
                              "trackingEventTime": "12:22 AM",
                              "trackingEventTimestamp": "2019-09-12T00:22:46.000"
                           },
                           {
                              "trackingEventDate": "Thursday, Sep 12, 2019",
                              "trackingEventDetails": "Inside Delivery",
                              "trackingEventLoc": {
                                 "trackingEventCity": "Martinsburg",
                                 "trackingEventCountry": "US"
                              },
                              "trackingEventStatus": "Package is in transit to a UPS facility",
                              "trackingEventTime": "12:05 AM",
                              "trackingEventTimestamp": "2019-09-12T00:05:00.000"
                           },
                           {
                              "trackingEventDate": "Wednesday, Sep 11, 2019",
                              "trackingEventDetails": "Inside Delivery",
                              "trackingEventLoc": {
                                 "trackingEventCity": "Laurel",
                                 "trackingEventCountry": "US",
                                 "trackingEventState": "MD"
                              },
                              "trackingEventStatus": "Destination Scan",
                              "trackingEventTime": "11:46 PM",
                              "trackingEventTimestamp": "2019-09-11T23:46:50.000"
                           },
                           {
                              "trackingEventDate": "Wednesday, Sep 11, 2019",
                              "trackingEventDetails": "Inside Delivery",
                              "trackingEventLoc": {
                                 "trackingEventCity": "Laurel",
                                 "trackingEventCountry": "US",
                                 "trackingEventState": "MD"
                              },
                              "trackingEventStatus": "Arrival Scan",
                              "trackingEventTime": "10:24 PM",
                              "trackingEventTimestamp": "2019-09-11T22:24:00.000"
                           },
                           {
                              "trackingEventDate": "Wednesday, Sep 11, 2019",
                              "trackingEventDetails": "Inside Delivery",
                              "trackingEventLoc": {
                                 "trackingEventCity": "Gaithersburg",
                                 "trackingEventCountry": "US",
                                 "trackingEventState": "MD"
                              },
                              "trackingEventStatus": "Departure Scan",
                              "trackingEventTime": "09:54 PM",
                              "trackingEventTimestamp": "2019-09-11T21:54:00.000"
                           },
                           {
                              "trackingEventDate": "Wednesday, Sep 11, 2019",
                              "trackingEventDetails": "Inside Delivery",
                              "trackingEventLoc": {
                                 "trackingEventCity": "Gaithersburg",
                                 "trackingEventCountry": "US",
                                 "trackingEventState": "MD"
                              },
                              "trackingEventStatus": "Origin Scan",
                              "trackingEventTime": "06:32 PM",
                              "trackingEventTimestamp": "2019-09-11T18:32:42.000"
                           },
                           {
                              "trackingEventDate": "Wednesday, Sep 11, 2019",
                              "trackingEventDetails": "Inside Delivery",
                              "trackingEventLoc": {
                                 "trackingEventCountry": "US"
                              },
                              "trackingEventStatus": "Order Processed: Ready for UPS",
                              "trackingEventTime": "10:21 AM",
                              "trackingEventTimestamp": "2019-09-11T10:21:14.000"
                           }
                        ],
                        "trackingURL": "https://www.ups.com/track?loc=en_US&tracknum=1Z7270820312618101",
                        "trackingEventStatus": "Delivered",
                        "receivedAt": "Inside Delivery"
                     }
                  ],
                  "contact": {
                     "address": {
                        "addressLine1": "548 Market St",
                        "addressLine2": "548 Market St",
                        "city": "San Francisco",
                        "state": "CA",
                        "postalCode": "94104-5401",
                        "country": "UNITED STATES",
                        "countryCode": "840"
                     },
                     "firstName": "Raghava",
                     "lastName": "Shivalinga",
                     "emailAddress": "ordermcom123@macys.com",
                     "homePhone": "545-448-5698"
                  },
                  "isVGCShipment": false,
                  "shipmentStatusDate": "Sep 12, 2019",
                  "shippingMethod": "STANDARD",
                  "shipmentStatusCode": "8",
                  "shipmentTrackingStatus": "Delivered",
                  "expectedDeliveryDate": "Nov 14, 2019",
                  "isVirtualShipmentInTransit": false,
                  "shipmentType": "Shipment",
                  "showTrackMyReturn": false,
                  "shipToRegistry": false,
                  "salesCheckNumber": "1",
                  "sortIdentifier": "delivered",
                  "militaryReturnFlag": false,
                  "giftWrapType": "N",
                  "virtualReturnFlag": false,
                  "shipmentTrackingEnabled": false
               }
            ]
		}
	}